Workbook

Sheet danh-muc-linh-kien
A1: ma_linh_kien | B1: ten_thiet_bi | C1: don_gia | D1: loai_storage
A2: LK01 | B2: Raspberry Pi 4 Model B | C2: 1450000 | D2: SSD
A3: LK02 | B3: Intel NUC i3 | C3: 6200000 | D3: SSD
A4: LK03 | B4: Orange Pi 5 | C4: 2300000 | D4: SSD
A5: LK04 | B5: Dell Optiplex Micro | C5: 5400000 | D5: HDD
A6: LK05 | B6: Mini PC Fanless N100 | C6: 4200000 | D6: SSD
A7: LK06 | B7: Synology DS220j NAS | C7: 3900000 | D7: HDD
D10: 5
D11: 7
D12: 6
D13: =SUM(D10:D12) -> 18
A14: LK01 | B14: 1
A15: LK03 | B15: 2
A16: LK02 | B16: 3
A17: LK04 | B17: 4
A18: LK05 | B18: 5
A19: LK06 | B19: 6

Sheet trang-thai-tram
A1: ma_tram | B1: ma_linh_kien | C1: dung_luong_ram | D1: ngay_lap_dat | E1: ma_linh_kien_sach | F1: ten_thiet_bị
A2: ST01 | B2: LK02 | C2: 16 | D2: 46093 | E2: =TRIM(B2) -> LK02 | F2: =VLOOKUP(E2,'danh-muc-linh-kien'!$A$1:$D$7,2,1) -> Intel NUC i3
A3: ST02 | B3: LK01 | C3: 4 | D3: 46096 | E3: =TRIM(B3) -> LK01 | F3: =VLOOKUP(E3,'danh-muc-linh-kien'!$A$1:$D$7,2,1) -> Raspberry Pi 4 Model B
A4: ST03 | B4: LK05 | C4: 8 | D4: 46114 | E4: =TRIM(B4) -> LK05 | F4: =VLOOKUP(E4,'danh-muc-linh-kien'!$A$1:$D$7,2,1) -> Mini PC Fanless N100
A5: ST04 | B5: LK03 | C5: 8 | D5: 46121 | E5: =TRIM(B5) -> LK03 | F5: =VLOOKUP(E5,'danh-muc-linh-kien'!$A$1:$D$7,2,1) -> Orange Pi 5
A6: ST05 | B6: LK02 | C6: 16 | D6: 46133 | E6: =TRIM(B6) -> LK02 | F6: =VLOOKUP(E6,'danh-muc-linh-kien'!$A$1:$D$7,2,1) -> Intel NUC i3
A7: ST06 | B7: LK06 | C7: 4 | D7: 46147 | E7: =TRIM(B7) -> LK06 | F7: =VLOOKUP(E7,'danh-muc-linh-kien'!$A$1:$D$7,2,1) -> Synology DS220j NAS
A8: ST07 | B8: LK01 | C8: 4 | D8: 46160 | E8: =TRIM(B8) -> LK01 | F8: =VLOOKUP(E8,'danh-muc-linh-kien'!$A$1:$D$7,2,1) -> Raspberry Pi 4 Model B
A9: ST08 | B9: LK04 | C9: 8 | D9: 46174 | E9: =TRIM(B9) -> LK04 | F9: =VLOOKUP(E9,'danh-muc-linh-kien'!$A$1:$D$7,2,1) -> Dell Optiplex Micro
A10: ST09 | B10: LK03 | C10: 8 | D10: 46187 | E10: =TRIM(B10) -> LK03 | F10: =VLOOKUP(E10,'danh-muc-linh-kien'!$A$1:$D$7,2,1) -> Orange Pi 5
A11: ST10 | B11: LK05 | C11: 8 | D11: 46206 | E11: =TRIM(B11) -> LK05 | F11: =VLOOKUP(E11,'danh-muc-linh-kien'!$A$1:$D$7,2,1) -> Mini PC Fanless N100
